timestamp,tick_id,market_price,active_step,trade_direction,steps_crossed,total_sol,total_usdc,net_worth_usd
2026-10-04 03:02:24,7,119.9492,164,UPWARD,1,2.481248,638.1323,935.7560
2026-10-04 03:02:27,8,120.3069,165,UPWARD,1,2.448960,642.0233,936.6501
2026-10-04 03:02:34,10,121.0223,166,UPWARD,1,2.416810,645.9144,938.4023
2026-10-04 03:02:37,11,121.3800,167,UPWARD,1,2.384798,649.8054,939.2722
2026-10-04 03:02:43,13,122.0954,168,UPWARD,1,2.352923,653.6965,940.9776
2026-10-04 03:02:46,14,122.4531,169,UPWARD,1,2.321185,657.5875,941.8238
2026-10-04 03:02:53,16,123.1685,170,UPWARD,1,2.289582,661.4786,943.4830
2026-10-04 03:02:56,17,123.5262,171,UPWARD,1,2.258115,665.3696,944.3060
2026-10-04 03:03:02,19,124.2416,172,UPWARD,1,2.226782,669.2607,945.9197
2026-10-04 03:03:05,20,124.5993,173,UPWARD,1,2.195584,673.1518,946.7200
2026-10-04 03:03:11,22,125.3147,174,UPWARD,1,2.164519,677.0428,948.2889
2026-10-04 03:03:15,23,125.6724,175,UPWARD,1,2.133587,680.9339,949.0669
2026-10-04 03:03:21,25,126.3878,176,UPWARD,1,2.102788,684.8249,950.5917
2026-10-04 03:03:24,26,126.7455,177,UPWARD,1,2.072121,688.7160,951.3479
2026-10-04 03:03:30,28,127.4609,178,UPWARD,1,2.041585,692.6070,952.8292
2026-10-04 03:03:33,29,127.8186,179,UPWARD,1,2.011179,696.4981,953.5642
2026-10-04 03:03:39,31,128.5340,180,UPWARD,1,1.980904,700.3891,955.0027
2026-10-04 03:03:43,32,128.8917,181,UPWARD,1,1.950759,704.2802,955.7168
2026-10-04 03:03:49,34,129.6071,182,UPWARD,1,1.920742,708.1712,957.1131
2026-10-04 03:03:52,35,129.9648,183,UPWARD,1,1.890855,712.0623,957.8068
2026-10-04 03:03:55,36,129.3687,182,DOWNWARD,1,1.950759,704.2802,956.6472
2026-10-04 03:03:58,37,128.7725,180,DOWNWARD,2,2.011179,696.4981,955.4826
2026-10-04 03:20:48,7,119.9492,164,UPWARD,1,2.481248,638.1323,935.7560
2026-10-04 03:20:51,8,120.3069,165,UPWARD,1,2.448960,642.0233,936.6501
2026-10-04 03:20:58,10,121.0223,166,UPWARD,1,2.416810,645.9144,938.4023
2026-10-04 03:21:01,11,121.3800,167,UPWARD,1,2.384798,649.8054,939.2722
2026-10-04 03:21:07,13,122.0954,168,UPWARD,1,2.352923,653.6965,940.9776
2026-10-04 03:21:10,14,122.4531,169,UPWARD,1,2.321185,657.5875,941.8238
2026-10-04 03:21:16,16,123.1685,170,UPWARD,1,2.289582,661.4786,943.4830
2026-10-04 03:21:19,17,123.5262,171,UPWARD,1,2.258115,665.3696,944.3060
2026-10-04 03:21:25,19,124.2416,172,UPWARD,1,2.226782,669.2607,945.9197
2026-10-04 03:21:29,20,124.5993,173,UPWARD,1,2.195584,673.1518,946.7200
2026-10-04 03:21:35,22,125.3147,174,UPWARD,1,2.164519,677.0428,948.2889
2026-10-04 03:21:38,23,125.6724,175,UPWARD,1,2.133587,680.9339,949.0669
2026-10-04 03:21:44,25,126.3878,176,UPWARD,1,2.102788,684.8249,950.5917
2026-10-04 03:21:47,26,126.7455,177,UPWARD,1,2.072121,688.7160,951.3479
2026-10-04 03:21:53,28,127.4609,178,UPWARD,1,2.041585,692.6070,952.8292
2026-10-04 03:21:57,29,127.8186,179,UPWARD,1,2.011179,696.4981,953.5642
2026-10-04 03:22:03,31,128.5340,180,UPWARD,1,1.980904,700.3891,955.0027
2026-10-04 03:22:06,32,128.8917,181,UPWARD,1,1.950759,704.2802,955.7168
2026-10-04 03:22:13,34,129.6071,182,UPWARD,1,1.920742,708.1712,957.1131
2026-10-04 03:22:16,35,129.9648,183,UPWARD,1,1.890855,712.0623,957.8068
2026-10-04 03:22:19,36,129.3687,182,DOWNWARD,1,1.950759,704.2802,956.6472
2026-10-04 03:22:22,37,128.7725,180,DOWNWARD,2,2.011179,696.4981,955.4826
2026-10-04 03:22:25,38,128.1763,179,DOWNWARD,1,2.041585,692.6070,954.2898
2026-10-04 03:22:28,39,127.5801,178,DOWNWARD,1,2.072121,688.7160,953.0774
2026-10-04 03:22:31,40,126.9840,177,DOWNWARD,1,2.102788,684.8249,951.8453
2026-10-04 03:22:34,41,126.3878,176,DOWNWARD,1,2.133587,680.9339,950.5933
2026-10-04 03:22:38,42,125.7916,175,DOWNWARD,1,2.164519,677.0428,949.3212
2026-10-04 03:22:41,43,125.1955,174,DOWNWARD,1,2.195584,673.1518,948.0289
2026-10-04 03:22:44,44,124.5993,173,DOWNWARD,1,2.226782,669.2607,946.7162
2026-10-04 03:22:47,45,124.0031,172,DOWNWARD,1,2.258115,665.3696,945.3829
2026-10-04 03:22:50,46,123.4070,171,DOWNWARD,1,2.289582,661.4786,944.0290
2026-10-04 03:22:53,47,122.8108,169,DOWNWARD,2,2.352923,653.6965,942.6609
2026-10-04 03:22:56,48,122.2146,168,DOWNWARD,1,2.384798,649.8054,941.2627
2026-10-04 03:23:00,49,121.6185,167,DOWNWARD,1,2.416810,645.9144,939.8431
2026-10-04 03:23:03,50,121.0223,166,DOWNWARD,1,2.448960,642.0233,938.4021
2026-10-04 03:23:06,51,120.4261,165,DOWNWARD,1,2.481248,638.1323,936.9394
2026-10-04 03:23:09,52,119.8299,164,DOWNWARD,1,2.513675,634.2412,935.4548
2026-10-04 03:23:12,53,119.2338,163,DOWNWARD,1,2.546241,630.3502,933.9482
2026-10-04 03:23:15,54,118.6376,161,DOWNWARD,2,2.611795,622.5681,932.4252
2026-10-04 03:23:18,55,118.0414,160,DOWNWARD,1,2.644783,618.6770,930.8711
2026-10-04 03:23:21,56,117.4453,159,DOWNWARD,1,2.677913,614.7860,929.2943
2026-10-04 03:23:24,57,116.8491,158,DOWNWARD,1,2.711186,610.8949,927.6946
2026-10-04 03:23:28,58,116.2529,157,DOWNWARD,1,2.744602,607.0039,926.0719
2026-10-04 03:23:31,59,115.6568,155,DOWNWARD,2,2.811865,599.2218,924.4330
2026-10-04 03:23:34,60,115.0606,154,DOWNWARD,1,2.845714,595.3307,922.7603
2026-10-04 03:23:37,61,114.4644,153,DOWNWARD,1,2.879708,591.4397,921.0639
2026-10-04 03:23:40,62,113.8683,152,DOWNWARD,1,2.913849,587.5486,919.3435
2026-10-04 03:23:43,63,113.2721,151,DOWNWARD,1,2.948136,583.6576,917.5992
2026-10-04 03:23:46,64,112.6759,149,DOWNWARD,2,3.017154,575.8755,915.8361
2026-10-04 03:23:49,65,112.0798,148,DOWNWARD,1,3.051886,571.9844,914.0390
2026-10-04 03:23:52,66,111.4836,147,DOWNWARD,1,3.086767,568.0934,912.2172
2026-10-04 03:23:56,67,110.8874,146,DOWNWARD,1,3.121798,564.2023,910.3704
2026-10-04 03:23:59,68,110.2912,144,DOWNWARD,2,3.192313,556.4202,908.5044
2026-10-04 03:24:02,69,109.6951,143,DOWNWARD,1,3.227798,552.5292,906.6027
2026-10-04 03:24:05,70,109.0989,142,DOWNWARD,1,3.263435,548.6381,904.6753
2026-10-04 03:24:08,71,108.5027,141,DOWNWARD,1,3.299226,544.7471,902.7221
2026-10-04 03:24:11,72,107.9066,139,DOWNWARD,2,3.371270,536.9650,900.7472
2026-10-04 03:24:14,73,107.3104,138,DOWNWARD,1,3.407525,533.0739,898.7368
2026-10-04 03:24:17,74,106.7142,137,DOWNWARD,1,3.443935,529.1829,896.6998
2026-10-04 03:24:20,75,106.1181,135,DOWNWARD,2,3.517227,521.4008,894.6421
2026-10-04 03:24:23,76,105.5219,134,DOWNWARD,1,3.554109,517.5097,892.5460
2026-10-04 03:24:27,77,104.9257,133,DOWNWARD,1,3.591150,513.6187,890.4227
2026-10-04 03:24:30,78,104.3296,131,DOWNWARD,2,3.665710,505.8366,888.2785
2026-10-04 03:24:33,79,103.7334,130,DOWNWARD,1,3.703231,501.9455,886.0943
2026-10-04 03:24:36,80,103.1372,129,DOWNWARD,1,3.740913,498.0545,883.8819
2026-10-04 03:24:39,81,102.5411,127,DOWNWARD,2,3.816765,490.2724,881.6475
2026-10-04 03:24:42,82,101.9449,126,DOWNWARD,1,3.854935,486.3813,879.3723
2026-10-04 03:24:45,83,101.3487,125,DOWNWARD,1,3.893270,482.4903,877.0682
2026-10-04 03:24:48,84,100.7525,123,DOWNWARD,2,3.970435,474.7082,874.7396
2026-10-04 03:24:52,85,100.1564,122,DOWNWARD,1,4.009266,470.8171,872.3707
2026-10-04 03:24:55,86,99.5602,120,DOWNWARD,2,4.087431,463.0350,869.9805
2026-10-04 03:24:58,87,98.9640,119,DOWNWARD,1,4.126765,459.1440,867.5453
2026-10-04 03:25:01,88,98.3679,118,DOWNWARD,1,4.166269,455.2529,865.0799
2026-10-04 03:25:04,89,97.7717,116,DOWNWARD,2,4.245787,447.4708,862.5886
2026-10-04 03:25:07,90,97.1755,115,DOWNWARD,1,4.285803,443.5798,860.0549
2026-10-04 03:25:10,91,96.5794,113,DOWNWARD,2,4.366351,435.7977,857.4970
2026-10-04 03:25:13,92,95.9832,112,DOWNWARD,1,4.406885,431.9066,854.8935
2026-10-04 03:25:16,93,95.3870,111,DOWNWARD,1,4.447593,428.0156,852.2583
2026-10-04 03:25:19,94,94.7909,109,DOWNWARD,2,4.529536,420.2335,849.5921
2026-10-04 03:25:23,95,94.1947,108,DOWNWARD,1,4.570772,416.3424,846.8849
2026-10-04 03:25:26,96,93.5985,106,DOWNWARD,2,4.653777,408.5603,844.1469
2026-10-04 03:25:29,97,93.0023,105,DOWNWARD,1,4.695547,404.6693,841.3662
2026-10-04 03:25:32,98,92.4062,103,DOWNWARD,2,4.779627,396.8872,838.5543
